title,artist,top_genre,year,bpm,energy,danceability,db,valence
"Hey, Soul Sister",Train,neo mellow,2010,97,89,67,-4,80
Love The Way You Lie,Eminem,detroit hip hop,2010,87,93,75,-5,64
TiK ToK,Kesha,dance pop,2010,120,84,76,-3,71
Bad Romance,Lady Gaga,dance pop,2010,119,92,70,-4,71
Just the Way You Are,Bruno Mars,pop,2010,109,84,64,-5,43
Baby,Justin Bieber,canadian pop,2010,65,86,73,-5,54
Dynamite,Taio Cruz,dance pop,2010,120,78,75,-4,82
Secrets,OneRepublic,dance pop,2010,148,76,52,-6,38
Empire State of Mind (Part II) Broken Down,Alicia Keys,hip pop,2010,93,37,48,-8,14
Only Girl (In The World),Rihanna,barbadian pop,2010,126,72,79,-4,61
Club Can't Handle Me (feat. David Guetta),Flo Rida,dance pop,2010,128,87,62,-4,47
Marry You,Bruno Mars,pop,2010,145,83,62,-5,48
Cooler Than Me - Single Mix,Mike Posner,dance pop,2010,130,82,77,-5,63
Telephone,Lady Gaga,dance pop,2010,122,83,83,-6,71
Like A G6,Far East Movement,dance pop,2010,125,84,44,-8,78
OMG (feat. will.i.am),Usher,atl hip hop,2010,130,75,78,-6,33
Eenie Meenie,Sean Kingston,dance pop,2010,121,61,72,-4,83
The Time (Dirty Bit),The Black Eyed Peas,dance pop,2010,128,81,82,-8,44
Alejandro,Lady Gaga,dance pop,2010,99,80,63,-7,37
Your Love Is My Drug,Kesha,dance pop,2010,120,61,83,-4,76
Meet Me Halfway,The Black Eyed Peas,dance pop,2010,130,63,80,-7,40
Whataya Want from Me,Adam Lambert,australian pop,2010,186,68,44,-5,45
Take It Off,Kesha,dance pop,2010,125,68,73,-5,74
Misery,Maroon 5,pop,2010,103,81,70,-5,73
All The Right Moves,OneRepublic,dance pop,2010,146,95,53,-4,65
Animal,Neon Trees,indie pop,2010,148,83,48,-6,74
Naturally,Selena Gomez & The Scene,dance pop,2010,133,90,61,-5,88
I Like It,Enrique Iglesias,dance pop,2010,129,94,65,-3,73
Teenage Dream,Katy Perry,dance pop,2010,120,80,72,-5,59
California Gurls,Katy Perry,dance pop,2010,125,75,79,-4,40
3,Britney Spears,dance pop,2010,135,71,70,-2,79
My First Kiss - feat. Ke$ha,3OH!3,dance pop,2010,138,89,68,-4,83
Blah Blah Blah (feat. 3OH!3),Kesha,dance pop,2010,120,84,75,-3,52
Imma Be,The Black Eyed Peas,dance pop,2010,92,52,60,-7,41
Try Sleeping with a Broken Heart,Alicia Keys,hip pop,2010,111,82,50,-5,55
Sexy Bitch (feat. Akon),David Guetta,dance pop,2010,130,63,81,-5,80
Bound To You - Burlesque Original Motion Picture Soundtrack,Christina Aguilera,dance pop,2010,164,41,29,-5,7
If I Had You,Adam Lambert,australian pop,2010,131,91,65,-4,79
Rock That Body,The Black Eyed Peas,dance pop,2010,125,91,72,-6,84
Dog Days Are Over,Florence + The Machine,art pop,2010,150,81,50,-5,26
Something's Got A Hold On Me - Burlesque Original Motion Picture Soundtrack,Christina Aguilera,dance pop,2010,150,85,51,-4,72
Doesn't Mean Anything,Alicia Keys,hip pop,2010,104,41,71,-7,10
Hard,Rihanna,barbadian pop,2010,182,75,31,-4,16
Loca,Shakira,colombian pop,2010,112,87,80,-4,85
You Lost Me,Christina Aguilera,dance pop,2010,43,39,23,-6,7
Not Myself Tonight,Christina Aguilera,dance pop,2010,120,81,76,-5,54
Written in the Stars (feat. Eric Turner),Tinie Tempah,dance pop,2010,91,95,64,-4,57
DJ Got Us Fallin' In Love (feat. Pitbull),Usher,atl hip hop,2010,120,86,66,-3,65
Castle Walls (feat. Christina Aguilera),T.I.,atl hip hop,2010,80,86,45,-5,58
Break Your Heart,Taio Cruz,dance pop,2010,122,90,67,-5,63
Hello,Martin Solveig,big room,2010,128,98,67,-3,45
A Thousand Years,Christina Perri,dance pop,2011,139,41,42,-7,16
Someone Like You,Adele,british soul,2011,135,33,56,-8,28
Give Me Everything,Pitbull,dance pop,2011,129,94,67,-3,53
Just the Way You Are,Bruno Mars,pop,2011,109,84,64,-5,43
Rolling in the Deep,Adele,british soul,2011,105,76,73,-5,52
Run the World (Girls),Beyonc√©,dance pop,2011,127,90,73,-4,76
Moves Like Jagger - Studio Recording From The Voice Performance,Maroon 5,pop,2011,128,76,72,-4,62
Love On Top,Beyonc√©,dance pop,2011,94,75,65,-5,65
Grenade,Bruno Mars,pop,2011,110,56,71,-7,23
Tonight Tonight,Hot Chelle Rae,dance pop,2011,100,78,69,-5,81
What the Hell,Avril Lavigne,canadian pop,2011,150,93,58,-4,88
Born This Way,Lady Gaga,dance pop,2011,124,83,59,-5,49
Monster,Kanye West,chicago rap,2011,125,69,63,-6,10
Marry You,Bruno Mars,pop,2011,145,83,62,-5,48
Best Thing I Never Had,Beyonc√©,dance pop,2011,99,65,55,-4,30
Party Rock Anthem,LMFAO,dance pop,2011,130,74,75,-4,35
We R Who We R,Kesha,dance pop,2011,120,82,74,-5,65
Price Tag,Jessie J,australian pop,2011,175,83,64,-4,68
Good Life,OneRepublic,dance pop,2011,95,69,63,-8,65
Just Can?ôt Get Enough,The Black Eyed Peas,dance pop,2011,94,63,66,-9,26
On The Floor,Jennifer Lopez,dance pop,2011,130,78,73,-5,57
What's My Name?,Rihanna,barbadian pop,2011,100,79,69,-3,58
Yeah 3x,Chris Brown,dance pop,2011,130,88,71,-3,70
Without You (feat. Usher),David Guetta,dance pop,2011,128,61,61,-4,40
Sexy And I Know It,LMFAO,dance pop,2011,130,86,71,-4,80
The Edge Of Glory,Lady Gaga,dance pop,2011,128,77,58,-6,36
E.T.,Katy Perry,dance pop,2011,152,87,62,-5,76
Till the World Ends,Britney Spears,dance pop,2011,132,71,69,-6,45
I Wanna Go,Britney Spears,dance pop,2011,130,55,70,-7,79
Blow,Kesha,dance pop,2011,120,73,75,-4,81
You And I,Lady Gaga,dance pop,2011,127,70,52,-5,52
Judas,Lady Gaga,dance pop,2011,131,93,66,-4,53
Tonight (I'm Fuckin' You),Enrique Iglesias,dance pop,2011,126,89,65,-4,32
Please Don't Go,Mike Posner,dance pop,2011,120,88,70,-4,66
We Found Love,Rihanna,barbadian pop,2011,128,77,73,-4,60
Marry The Night,Lady Gaga,dance pop,2011,131,88,61,-4,38
1+1,Beyonc√©,dance pop,2011,63,38,30,-7,26
Hold It Against Me,Britney Spears,dance pop,2011,133,72,65,-5,39
I'm Into You,Jennifer Lopez,dance pop,2011,84,75,59,-4,70
Papi,Jennifer Lopez,dance pop,2011,120,81,71,-5,89
Cheers (Drink To That),Rihanna,barbadian pop,2011,80,91,58,-4,73
S&M Remix,Rihanna,barbadian pop,2011,128,81,82,-3,89
Written in the Stars (feat. Eric Turner),Tinie Tempah,dance pop,2011,91,95,64,-4,57
Jar of Hearts,Christina Perri,dance pop,2011,75,35,35,-6,9
Castle Walls (feat. Christina Aguilera),T.I.,atl hip hop,2011,80,86,45,-5,58
Turning Page,Sleeping At Last,acoustic pop,2011,125,38,30,-8,19
Super Bass,Nicki Minaj,dance pop,2011,127,74,77,-7,59
Raise Your Glass,P!nk,dance pop,2011,122,64,68,-7,56
Invading My Mind,Jennifer Lopez,dance pop,2011,129,88,73,-4,69
Moment 4 Life - Album Version (Edited),Nicki Minaj,dance pop,2011,130,88,50,-4,37
Last Friday Night (T.G.I.F.),Katy Perry,dance pop,2011,126,81,65,-4,72
Firework,Katy Perry,dance pop,2011,124,83,64,-5,65
Muny - Album Version (Edited),Nicki Minaj,dance pop,2011,98,72,80,-5,53
Titanium (feat. Sia),David Guetta,dance pop,2012,126,79,60,-4,30
Locked Out of Heaven,Bruno Mars,pop,2012,144,70,73,-4,87
Paradise,Coldplay,permanent wave,2012,140,59,45,-7,20
Payphone,Maroon 5,pop,2012,110,75,74,-5,55
What Makes You Beautiful,One Direction,boy band,2012,125,79,73,-2,89
I Knew You Were Trouble.,Taylor Swift,pop,2012,77,47,62,-7,68
Call Me Maybe,Carly Rae Jepsen,canadian pop,2012,120,58,78,-7,66
Love You Like A Love Song,Selena Gomez & The Scene,dance pop,2012,117,68,86,-4,92
Set Fire to the Rain,Adele,british soul,2012,108,68,61,-4,47
We Are Never Ever Getting Back Together,Taylor Swift,pop,2012,86,68,63,-6,75
Stronger (What Doesn't Kill You),Kelly Clarkson,dance pop,2012,116,94,56,-4,68
Try,P!nk,dance pop,2012,104,63,67,-7,55
Starships,Nicki Minaj,dance pop,2012,125,72,75,-2,75
One More Night,Maroon 5,pop,2012,93,82,72,-3,62
Good Time,Owl City,pop,2012,126,87,56,-4,68
Glad You Came,The Wanted,boy band,2012,127,85,72,-4,45
Beauty And A Beat,Justin Bieber,canadian pop,2012,128,84,60,-5,53
International Love,Pitbull,dance pop,2012,120,86,67,-3,65
Some Nights,fun.,baroque pop,2012,108,74,67,-7,39
Boyfriend,Justin Bieber,canadian pop,2012,97,55,72,-6,33
Part Of Me,Katy Perry,dance pop,2012,130,92,68,-5,77
Domino,Jessie J,australian pop,2012,127,55,76,-5,78
Where Have You Been,Rihanna,barbadian pop,2012,128,85,72,-6,44
Wide Awake,Katy Perry,dance pop,2012,160,68,51,-5,57
The One That Got Away,Katy Perry,dance pop,2012,134,80,69,-4,88
Dance Again,Jennifer Lopez,dance pop,2012,128,86,79,-5,71
Turn Up the Music,Chris Brown,dance pop,2012,130,84,59,-6,64
Lights - Single Version,Ellie Goulding,dance pop,2012,120,80,68,-6,78
We Are Young (feat. Janelle Mon√°e),fun.,baroque pop,2012,184,64,38,-6,74
Diamonds,Rihanna,barbadian pop,2012,92,71,56,-5,39
Don't Stop the Party (feat. TJR),Pitbull,dance pop,2012,127,96,72,-4,95
You Da One,Rihanna,barbadian pop,2012,127,72,70,-5,86
Stereo Hearts (feat. Adam Levine),Gym Class Heroes,dance pop,2012,90,80,65,-3,80
It Will Rain,Bruno Mars,pop,2012,150,84,58,-7,48
Blow Me (One Last Kiss),P!nk,dance pop,2012,114,92,60,-3,75
Underneath the Tree,Kelly Clarkson,dance pop,2013,160,81,51,-5,69
Wake Me Up,Avicii,big room,2013,124,78,53,-6,64
Story of My Life,One Direction,boy band,2013,121,66,60,-6,29
Just Give Me a Reason (feat. Nate Ruess),P!nk,dance pop,2013,95,55,78,-7,44
Hall of Fame,The Script,celtic rock,2013,85,87,42,-4,63
Roar,Katy Perry,dance pop,2013,180,77,55,-5,46
We Can't Stop,Miley Cyrus,dance pop,2013,80,62,61,-6,48
Don't You Worry Child - Radio Edit,Swedish House Mafia,big room,2013,129,84,61,-3,44
Get Lucky (feat. Pharrell Williams & Nile Rodgers) - Radio Edit,Daft Punk,electro,2013,116,81,79,-9,86
Wrecking Ball,Miley Cyrus,dance pop,2013,120,42,53,-6,35
Impossible,James Arthur,pop,2013,170,70,38,-5,30
Blurred Lines,Robin Thicke,dance pop,2013,120,60,85,-5,84
Heart Attack,Demi Lovato,dance pop,2013,174,79,50,-5,50
We Are Never Ever Getting Back Together,Taylor Swift,pop,2013,86,68,63,-6,75
Die Young,Kesha,dance pop,2013,128,70,71,-5,80
Clarity,Zedd,complextro,2013,128,78,51,-3,18
Summertime Sadness (Lana Del Rey Vs. Cedric Gervais) - Cedric Gervais Remix,Lana Del Rey,art pop,2013,126,81,57,-6,11
Under Control,Calvin Harris,dance pop,2013,126,92,54,-3,51
Everybody Talks,Neon Trees,indie pop,2013,155,92,47,-4,73
"Hold On, We're Going Home",Drake,canadian hip hop,2013,100,41,77,-7,29
Best Song Ever,One Direction,boy band,2013,118,88,65,-3,49
Kiss You,One Direction,boy band,2013,90,93,63,-3,91
Sweet Nothing (feat. Florence Welch),Calvin Harris,dance pop,2013,128,93,57,-4,58
Lose Yourself to Dance,Daft Punk,electro,2013,100,66,83,-8,67
Work Bitch,Britney Spears,dance pop,2013,128,82,63,-7,85
Brave,Sara Bareilles,acoustic pop,2013,185,84,55,-4,76
Can't Hold Us (feat. Ray Dalton),Macklemore & Ryan Lewis,dance pop,2013,146,93,63,-4,88
Feel This Moment (feat. Christina Aguilera),Pitbull,dance pop,2013,136,76,67,-4,54
Beneath Your Beautiful,Labrinth,pop,2013,84,52,56,-6,23
Let Me Love You (Until You Learn To Love Yourself),Ne-Yo,dance pop,2013,125,68,66,-7,25
Thrift Shop (feat. Wanz),Macklemore & Ryan Lewis,dance pop,2013,95,53,78,-7,66
If I Lose Myself - Alesso vs OneRepublic,OneRepublic,dance pop,2013,126,75,52,-6,16
The Way,Ariana Grande,dance pop,2013,82,88,65,-3,86
Suit & Tie,Justin Timberlake,dance pop,2013,102,60,80,-4,36
#thatPOWER,will.i.am,dance pop,2013,128,61,80,-6,40
I Love It (feat. Charli XCX),Icona Pop,candy pop,2013,126,91,71,-3,82
Play Hard (feat. Ne-Yo & Akon) - New Edit,David Guetta,dance pop,2013,130,87,72,-3,68
Daylight,Maroon 5,pop,2013,120,67,66,-5,37
Love Somebody,Maroon 5,pop,2013,120,78,68,-6,40
A Little Party Never Killed Nobody (All We Got),Fergie,dance pop,2013,130,62,76,-6,52
Move,Little Mix,dance pop,2013,121,74,85,-5,77
Walks Like Rihanna,The Wanted,boy band,2013,126,82,56,-3,43
Rock N Roll,Avril Lavigne,canadian pop,2013,184,96,47,-3,67
Heartbreaker,Justin Bieber,canadian pop,2013,105,52,56,-7,58
Mirrors - Radio Edit,Justin Timberlake,dance pop,2013,77,60,58,-6,65
Next To Me,Emeli Sand√©,dance pop,2013,95,80,67,-5,35
Made In The USA,Demi Lovato,dance pop,2013,87,86,58,-4,59
Clown,Emeli Sand√©,dance pop,2013,130,23,45,-8,23
Girl On Fire (feat. Nicki Minaj) - Inferno Version,Alicia Keys,hip pop,2013,93,81,55,-6,34
TKO,Justin Timberlake,dance pop,2013,138,68,61,-7,49
Come & Get It,Selena Gomez,dance pop,2013,80,79,55,-4,58
Live It Up,Jennifer Lopez,dance pop,2013,128,73,69,-5,65
We Own The Night,The Wanted,boy band,2013,104,94,55,-4,56
Atlas - From ?úThe Hunger Games: Catching Fire??Soundtrack,Coldplay,permanent wave,2013,136,45,28,-8,11
What About Love,Austin Mahone,dance pop,2013,100,78,63,-7,28
Take Back the Night,Justin Timberlake,dance pop,2013,107,66,59,-5,33
Applause,Lady Gaga,dance pop,2013,140,78,67,-4,73
Anything Could Happen,Ellie Goulding,dance pop,2013,103,78,70,-4,38
Finally Found You,Enrique Iglesias,dance pop,2013,128,88,62,-5,66
Pom Poms,Jonas Brothers,boy band,2013,148,98,68,-2,90
#Beautiful,Mariah Carey,dance pop,2013,107,76,68,-5,45
How Ya Doin'? (feat. Missy Elliott),Little Mix,dance pop,2013,201,95,36,-3,51
Crazy Kids (feat. will.i.am),Kesha,dance pop,2013,128,75,72,-4,50
"Ooh La La (from ""The Smurfs 2"")",Britney Spears,dance pop,2013,128,57,69,-5,73
People Like Us,Kelly Clarkson,dance pop,2013,128,79,60,-5,61
Overdose,Ciara,dance pop,2013,107,70,77,-6,79
Right Now - Dyro Radio Edit,Rihanna,barbadian pop,2013,130,74,53,-6,45
Give It 2 U,Robin Thicke,dance pop,2013,127,83,67,-4,58
Foolish Games,Jewel,alaska indie,2013,132,34,51,-11,7
Outta Nowhere (feat. Danny Mercer),Pitbull,dance pop,2013,95,84,71,-4,66
Freak,Kelly Rowland,atl hip hop,2013,104,78,65,-5,45
All of Me,John Legend,neo mellow,2014,120,26,42,-7,33
Stay With Me,Sam Smith,pop,2014,84,42,42,-6,18
Summer,Calvin Harris,dance pop,2014,128,86,60,-4,74
"Happy - From ""Despicable Me 2""",Pharrell Williams,dance pop,2014,160,82,65,-5,96
Rude,MAGIC!,pop,2014,144,76,77,-5,93
Shake It Off,Taylor Swift,pop,2014,160,80,65,-5,94
Dark Horse,Katy Perry,dance pop,2014,132,59,65,-6,35
Hey Brother,Avicii,big room,2014,125,78,55,-5,46
Maps,Maroon 5,pop,2014,120,71,74,-6,88
Treasure,Bruno Mars,pop,2014,116,69,87,-5,94
Let Her Go,Passenger,folk-pop,2014,75,54,51,-7,24
Problem,Ariana Grande,dance pop,2014,103,81,66,-5,63
Pompeii,Bastille,metropopolis,2014,127,72,68,-6,57
Team,Lorde,art pop,2014,100,58,69,-7,42
Love Me Again,John Newman,pop,2014,126,89,50,-5,21
Latch,Disclosure,house,2014,122,73,50,-5,52
Adore You,Miley Cyrus,dance pop,2014,120,66,58,-5,20
Love Never Felt So Good,Michael Jackson,pop,2014,118,72,78,-6,71
Burn,Ellie Goulding,dance pop,2014,87,78,56,-5,33
She Looks So Perfect,5 Seconds of Summer,boy band,2014,160,95,49,-4,44
Fancy,Iggy Azalea,australian hip hop,2014,95,72,91,-4,38
Talk Dirty (feat. 2 Chainz),Jason Derulo,dance pop,2014,100,65,76,-7,76
Gorilla,Bruno Mars,pop,2014,140,54,72,-7,64
human,Christina Perri,dance pop,2014,144,49,44,-6,25
Young Girls,Bruno Mars,pop,2014,126,75,56,-5,50
Wiggle (feat. Snoop Dogg),Jason Derulo,dance pop,2014,82,62,70,-7,72
Love Runs Out,OneRepublic,dance pop,2014,120,93,72,-4,74
This Is How We Do,Katy Perry,dance pop,2014,96,64,69,-6,80
Mmm Yeah (feat. Pitbull),Austin Mahone,dance pop,2014,126,92,71,-4,98
A Little Party Never Killed Nobody (All We Got),Fergie,dance pop,2014,130,62,76,-6,52
#SELFIE,The Chainsmokers,electropop,2014,128,92,79,-3,66
Partition,Beyonc√©,dance pop,2014,186,44,41,-12,17
Birthday,Katy Perry,dance pop,2014,126,67,72,-5,84
G.U.Y.,Lady Gaga,dance pop,2014,110,92,62,-3,57
Stay The Night - Featuring Hayley Williams Of Paramore,Zedd,complextro,2014,128,74,60,-3,46
"Let It Go - From ""Frozen / Single Version",Demi Lovato,dance pop,2014,140,66,50,-6,25
Wings,Birdy,neo mellow,2014,83,71,47,-5,22
Can't Remember to Forget You (feat. Rihanna),Shakira,colombian pop,2014,138,81,69,-4,82
Shot Me Down (feat. Skylar Grey) - Radio Edit,David Guetta,dance pop,2014,192,77,35,-4,4
Say Something,A Great Big World,neo mellow,2014,138,15,45,-9,9
A Sky Full of Stars,Coldplay,permanent wave,2014,125,68,55,-6,16
Come Get It Bae,Pharrell Williams,dance pop,2014,120,80,93,-6,90
Chandelier,Sia,australian dance,2014,174,78,29,-3,62
XO,Beyonc√©,dance pop,2014,170,79,47,-9,21
We Are One (Ole Ola) [The Official 2014 FIFA World Cup Song],Pitbull,dance pop,2014,125,94,60,-4,55
Not About Angels,Birdy,neo mellow,2014,116,14,41,-10,23
Drunk in Love,Beyonc√©,dance pop,2014,140,62,59,-7,40
Anaconda,Nicki Minaj,dance pop,2014,130,60,96,-6,65
Boom Clap - From the Motion Picture Das Schicksal ist ein mieser Verr√§ter,Charli XCX,candy pop,2014,92,81,68,-4,64
La La La (Brasil 2014) (feat. Carlinhos Brown),Shakira,colombian pop,2014,128,82,80,-5,61
Tee Shirt - Soundtrack Version,Birdy,neo mellow,2014,76,34,68,-9,56
Words as Weapons,Birdy,neo mellow,2014,120,35,53,-9,19
You're Mine (Eternal),Mariah Carey,dance pop,2014,149,58,63,-7,56
Sheezus,Lily Allen,dance pop,2014,130,50,78,-7,39
Cannonball,Lea Michele,hollywood,2014,92,82,56,-3,57
It's On Again - Main Soundtrack,Alicia Keys,hip pop,2014,110,54,64,-9,53
I Luh Ya Papi,Jennifer Lopez,dance pop,2014,96,73,74,-6,59
Not a Bad Thing,Justin Timberlake,dance pop,2014,86,73,59,-6,46
Thinking out Loud,Ed Sheeran,pop,2015,79,45,78,-6,59
I'm Not The Only One,Sam Smith,pop,2015,82,49,68,-6,49
The Hills,The Weeknd,canadian contemporary r&b,2015,113,56,58,-7,14
Love Yourself,Justin Bieber,canadian pop,2015,100,38,61,-10,52
Uptown Funk,Mark Ronson,dance pop,2015,115,61,86,-7,93
Take Me To Church,Hozier,irish singer-songwriter,2015,129,66,57,-5,44
Sorry,Justin Bieber,canadian pop,2015,100,76,65,-4,41
FourFiveSeconds,Rihanna,barbadian pop,2015,206,27,58,-6,35
"Love Me Like You Do - From ""Fifty Shades Of Grey""",Ellie Goulding,dance pop,2015,190,61,26,-7,28
"Earned It (Fifty Shades Of Grey) - From The ""Fifty Shades Of Grey"" Soundtrack",The Weeknd,canadian contemporary r&b,2015,120,38,66,-6,44
What Do You Mean?,Justin Bieber,canadian pop,2015,125,57,85,-8,79
Stitches,Shawn Mendes,canadian pop,2015,150,75,75,-7,76
Want to Want Me,Jason Derulo,dance pop,2015,114,68,78,-6,66
My House,Flo Rida,dance pop,2015,94,70,69,-5,74
Waves - Robin Schulz Radio Edit,Mr. Probz,tropical house,2015,120,51,83,-9,45
Night Changes,One Direction,boy band,2015,120,52,67,-8,37
How Deep Is Your Love,Calvin Harris,dance pop,2015,122,87,74,-4,34
Never Forget You,Zara Larsson,dance pop,2015,146,73,58,-6,28
Love Me Harder,Ariana Grande,dance pop,2015,99,71,47,-4,24
Animals,Maroon 5,pop,2015,190,74,28,-6,33
Blame,Calvin Harris,dance pop,2015,128,86,41,-4,35
Worth It,Fifth Harmony,dance pop,2015,100,77,88,-4,59
Break Free,Ariana Grande,dance pop,2015,130,70,69,-5,28
Don't,Ed Sheeran,pop,2015,95,61,81,-7,85
Elastic Heart,Sia,australian dance,2015,130,79,42,-5,50
Rather Be (feat. Jess Glynne),Clean Bandit,dance pop,2015,121,59,80,-7,55
Hello,Adele,british soul,2015,158,45,48,-6,29
Dear Future Husband,Meghan Trainor,dance pop,2015,79,78,66,-5,83
43776,Beyonc√©,dance pop,2015,136,71,75,-5,56
The Heart Wants What It Wants,Selena Gomez,dance pop,2015,83,79,62,-5,62
"Hey Mama (feat. Nicki Minaj, Bebe Rexha & Afrojack)",David Guetta,dance pop,2015,86,73,60,-4,53
Genie In a Bottle,Christina Aguilera,dance pop,2015,176,80,63,-7,91
Company,Justin Bieber,canadian pop,2015,95,80,59,-5,43
Sing,Ed Sheeran,pop,2015,120,67,82,-4,94
Jealous - Remix,Nick Jonas,dance pop,2015,93,71,68,-4,45
Really Don't Care,Demi Lovato,dance pop,2015,121,73,71,-4,85
"Downtown (feat. Melle Mel, Grandmaster Caz, Kool Moe Dee & Eric Nally)",Macklemore & Ryan Lewis,dance pop,2015,110,61,83,-4,71
Only Love Can Hurt Like This,Paloma Faith,british soul,2015,91,89,57,-5,31
Heartbeat Song,Kelly Clarkson,dance pop,2015,149,80,49,-4,48
Up,Olly Murs,dance pop,2015,115,85,69,-5,64
Trumpets,Jason Derulo,dance pop,2015,82,70,63,-5,64
Runnin' (Lose It All),Naughty Boy,tropical house,2015,139,85,32,-6,8
Same Old Love,Selena Gomez,dance pop,2015,98,59,67,-4,44
I Want You To Know,Zedd,complextro,2015,130,85,58,-3,37
Lips Are Movin,Meghan Trainor,dance pop,2015,139,83,78,-5,95
I'll Show You,Justin Bieber,canadian pop,2015,192,61,36,-7,8
Here,Alessia Cara,canadian contemporary r&b,2015,120,82,38,-4,33
I Lived,OneRepublic,dance pop,2015,120,85,59,-5,34
Fireball (feat. John Ryan),Pitbull,dance pop,2015,123,94,69,-5,79
Easy Love,Sigala,dance pop,2015,124,94,68,-4,65
The Feeling,Justin Bieber,canadian pop,2015,127,81,53,-6,21
I Really Like You,Carly Rae Jepsen,canadian pop,2015,122,81,62,-5,60
BO$$,Fifth Harmony,dance pop,2015,103,87,81,-5,74
Sugar,Maroon 5,pop,2015,120,79,75,-7,88
Focus,Ariana Grande,dance pop,2015,100,88,67,-6,79
All About That Bass,Meghan Trainor,dance pop,2015,134,88,81,-4,96
On My Mind,Ellie Goulding,dance pop,2015,155,71,70,-7,74
Love Me Like You,Little Mix,dance pop,2015,106,67,79,-4,85
Broken Arrows,Avicii,big room,2015,116,67,63,-7,29
Booty,Jennifer Lopez,dance pop,2015,129,95,71,-4,40
What Do You Mean? - Acoustic,Justin Bieber,canadian pop,2015,125,36,77,-11,76
Mark My Words,Justin Bieber,canadian pop,2015,114,26,38,-9,52
Lay It All on Me,Rudimental,dance pop,2015,123,75,67,-7,48
American Oxygen,Rihanna,barbadian pop,2015,78,75,39,-6,48
Bang Bang,Jessie J,australian pop,2015,150,75,71,-4,73
Reality - Radio Edit,Lost Frequencies,belgian edm,2015,122,70,71,-8,60
Alive,Sia,australian dance,2015,100,76,51,-4,44
Sugar (feat. Francesco Yates),Robin Schulz,dance pop,2015,123,82,64,-5,64
Been You,Justin Bieber,canadian pop,2015,113,78,74,-6,86
Prayer in C - Robin Schulz Radio Edit,Lilly Wood and The Prick,french indie pop,2015,123,89,76,-5,78
See You Again (feat. Charlie Puth),Wiz Khalifa,hip hop,2015,80,48,69,-8,28
Heroes (we could be),Alesso,big room,2015,126,75,52,-4,35
"Feel The Light - From The ""Home"" Soundtrack",Jennifer Lopez,dance pop,2015,156,60,47,-6,4
Perfect,One Direction,boy band,2015,100,82,65,-5,40
Ghosttown,Madonna,dance pop,2015,79,55,54,-7,9
Bang My Head (feat. Sia & Fetty Wap),David Guetta,dance pop,2015,108,87,60,-4,59
Bloodstream,Ed Sheeran,pop,2015,89,59,48,-6,27
Living For Love,Madonna,dance pop,2015,123,79,67,-5,39
Baby Don't Lie,Gwen Stefani,dance pop,2015,100,55,69,-5,26
Don't Be so Hard on Yourself,Jess Glynne,dance pop,2015,120,82,57,-3,66
Steal My Girl,One Direction,boy band,2015,77,76,47,-6,52
"Celebrate (From the Original Motion Picture ""Penguins of Madagascar"")",Pitbull,dance pop,2015,127,85,68,-3,93
We Are Here,Alicia Keys,hip pop,2015,93,67,64,-6,8
St Jude,Florence + The Machine,art pop,2015,117,43,26,-11,9
Yesterday (feat. Bebe Rexha),David Guetta,dance pop,2015,128,78,57,-4,28
Time of Our Lives,Pitbull,dance pop,2015,124,80,72,-6,72
Sparks,Hilary Duff,dance pop,2015,122,88,85,-5,79
Mr. Put It Down,Ricky Martin,dance pop,2015,128,78,80,-6,83
Legendary Lovers,Katy Perry,dance pop,2015,126,84,62,-5,39
Spark The Fire,Gwen Stefani,dance pop,2015,120,80,88,-4,54
Run Run Run,Kelly Clarkson,dance pop,2015,112,37,28,-7,8
Let Me Be Your Lover,Enrique Iglesias,dance pop,2015,112,90,72,-4,88
Dangerous,Jennifer Hudson,dance pop,2015,109,53,90,-5,65
L.A.LOVE (la la),Fergie,dance pop,2015,202,39,48,-8,27
The Hills,The Weeknd,canadian contemporary r&b,2016,113,56,58,-7,14
Love Yourself,Justin Bieber,canadian pop,2016,100,38,61,-10,52
Cake By The Ocean,DNCE,dance pop,2016,119,75,77,-5,90
Don't Let Me Down,The Chainsmokers,electropop,2016,160,87,53,-5,42
In the Name of Love,Martin Garrix,big room,2016,134,52,50,-6,17
Into You,Ariana Grande,dance pop,2016,108,73,62,-6,37
This Is What You Came For,Calvin Harris,dance pop,2016,124,93,63,-3,47
Million Reasons,Lady Gaga,dance pop,2016,130,42,67,-8,15
Needed Me,Rihanna,barbadian pop,2016,111,31,67,-8,30
7 Years,Lukas Graham,danish pop,2016,120,47,77,-6,34
"CAN'T STOP THE FEELING! (Original Song from DreamWorks Animation's ""TROLLS"")",Justin Timberlake,dance pop,2016,113,83,67,-6,70
Work from Home (feat. Ty Dolla $ign),Fifth Harmony,dance pop,2016,105,59,80,-6,59
Scars To Your Beautiful,Alessia Cara,canadian contemporary r&b,2016,97,74,57,-6,45
Like I'm Gonna Lose You (feat. John Legend),Meghan Trainor,dance pop,2016,108,53,63,-7,42
Work,Rihanna,barbadian pop,2016,92,53,73,-6,56
Stitches,Shawn Mendes,canadian pop,2016,150,75,75,-7,76
"Me, Myself & I",G-Eazy,hip hop,2016,112,67,76,-7,38
I Took A Pill In Ibiza - Seeb Remix,Mike Posner,dance pop,2016,102,71,66,-7,69
Dangerous Woman,Ariana Grande,dance pop,2016,134,60,66,-5,29
Starving,Hailee Steinfeld,dance pop,2016,100,62,73,-4,51
Shout Out to My Ex,Little Mix,dance pop,2016,126,75,77,-4,80
Electric Love,B√òRNS,electropop,2016,120,80,61,-8,52
Confident,Demi Lovato,dance pop,2016,130,75,59,-6,34
Too Good,Drake,canadian hip hop,2016,118,65,79,-8,39
Roses,The Chainsmokers,electropop,2016,100,80,71,-7,34
Cold Water (feat. Justin Bieber & M√ò),Major Lazer,dance pop,2016,93,80,61,-5,50
Me Too,Meghan Trainor,dance pop,2016,124,69,93,-6,84
Light It Up (feat. Nyla & Fuse ODG) [Remix],Major Lazer,dance pop,2016,108,88,75,-4,75
Ain't Your Mama,Jennifer Lopez,dance pop,2016,120,68,76,-6,82
Close,Nick Jonas,dance pop,2016,124,62,65,-5,40
Toothbrush,DNCE,dance pop,2016,105,79,55,-6,82
All We Know,The Chainsmokers,electropop,2016,90,59,66,-9,30
Final Song,M√ò,dance pop,2016,105,67,70,-6,25
Company,Justin Bieber,canadian pop,2016,95,80,59,-5,43
Hands To Myself,Selena Gomez,dance pop,2016,111,50,81,-7,47
All I Ask,Adele,british soul,2016,142,28,59,-5,34
"Just Like Fire (From the Original Motion Picture ""Alice Through The Looking Glass"")",P!nk,dance pop,2016,163,70,63,-6,50
NO,Meghan Trainor,dance pop,2016,92,80,56,-4,65
Kill Em With Kindness,Selena Gomez,dance pop,2016,120,88,76,-5,40
Cool Girl,Tove Lo,dance pop,2016,102,69,67,-7,20
Runnin' (Lose It All),Naughty Boy,tropical house,2016,139,85,32,-6,8
Here,Alessia Cara,canadian contemporary r&b,2016,120,82,38,-4,33
Perfect Illusion,Lady Gaga,dance pop,2016,125,86,61,-5,66
PILLOWTALK,ZAYN,dance pop,2016,125,70,59,-4,43
Out Of The Woods,Taylor Swift,pop,2016,92,84,55,-7,34
Rise,Katy Perry,dance pop,2016,101,64,55,-6,44
Wherever I Go,OneRepublic,dance pop,2016,100,69,55,-6,35
Body Say,Demi Lovato,dance pop,2016,87,74,63,-5,26
Don't Be A Fool,Shawn Mendes,canadian pop,2016,175,34,47,-6,27
LIKE I WOULD,ZAYN,dance pop,2016,113,83,56,-6,23
Cheap Thrills,Sia,australian dance,2016,90,80,59,-5,73
I Got You,Bebe Rexha,dance pop,2016,98,89,61,-5,32
Run Away With Me,Carly Rae Jepsen,canadian pop,2016,119,72,56,-6,25
Cruel (feat. ZAYN),Snakehips,dance pop,2016,110,88,60,-4,32
Send My Love (To Your New Lover),Adele,british soul,2016,164,52,69,-8,56
WTF (Where They From),Missy Elliott,dance pop,2016,120,82,93,-3,56
Desire,Years & Years,dance pop,2016,126,78,71,-5,64
When We Were Young,Adele,british soul,2016,144,59,38,-6,27
I Know What You Did Last Summer,Shawn Mendes,canadian pop,2016,114,77,68,-5,72
Wish That You Were Here - From ?úMiss Peregrine?ôs Home for Peculiar Children??Original Motion Picture,Florence + The Machine,art pop,2016,94,57,37,-6,12
Hurts,Emeli Sand√©,dance pop,2016,106,64,58,-8,18
Change,Christina Aguilera,dance pop,2016,82,54,62,-6,20
Make Me... (feat. G-Eazy),Britney Spears,dance pop,2016,123,70,70,-7,58
Keeping Your Head Up,Birdy,neo mellow,2016,122,78,60,-5,53
True Colors,Zedd,complextro,2016,126,79,57,-3,49
Make Me Like You,Gwen Stefani,dance pop,2016,118,71,74,-5,80
Champagne Problems,Nick Jonas,dance pop,2016,108,78,73,-5,64
Blown,DNCE,dance pop,2016,130,95,63,-5,73
Start,John Legend,neo mellow,2016,110,4,52,-15,26
Pep Rally,Missy Elliott,dance pop,2016,90,75,83,-4,32
Higher,Carly Rae Jepsen,canadian pop,2016,114,87,65,-5,44
Invitation,Britney Spears,dance pop,2016,112,65,37,-7,16
One Call Away (feat. Tyga) - Remix,Charlie Puth,dance pop,2016,91,69,75,-5,52
Beautiful Birds (feat. Birdy),Passenger,folk-pop,2016,86,17,39,-13,14
Little Lies,Hilary Duff,dance pop,2016,124,76,57,-6,40
Do You Wanna Come Over?,Britney Spears,dance pop,2016,121,70,75,-6,45
BURNITUP!,Janet Jackson,dance pop,2016,123,71,83,-7,83
Picky - Remix,Joey Montana,latin,2016,186,81,70,-3,69
Behind Your Back,Nelly Furtado,canadian latin,2016,98,47,80,-10,69
Million Years Ago,Adele,british soul,2016,0,0,0,-60,0
Shape of You,Ed Sheeran,pop,2017,96,65,83,-3,93
Closer,The Chainsmokers,electropop,2017,95,52,75,-6,66
Starboy,The Weeknd,canadian contemporary r&b,2017,186,59,68,-7,49
Treat You Better,Shawn Mendes,canadian pop,2017,83,82,44,-4,75
That's What I Like,Bruno Mars,pop,2017,134,56,85,-5,86
Let Me Love You,DJ Snake,electronic trap,2017,100,72,65,-5,16
I Feel It Coming,The Weeknd,canadian contemporary r&b,2017,93,82,77,-6,59
Mercy,Shawn Mendes,canadian pop,2017,148,66,56,-5,36
Side To Side,Ariana Grande,dance pop,2017,159,74,65,-6,61
Stay,Zedd,complextro,2017,102,62,69,-5,54
It Ain't Me (with Selena Gomez),Kygo,edm,2017,100,53,64,-7,52
Malibu,Miley Cyrus,dance pop,2017,140,78,57,-6,34
Something Just Like This,The Chainsmokers,electropop,2017,103,65,61,-7,51
Rockabye (feat. Sean Paul & Anne-Marie),Clean Bandit,dance pop,2017,102,76,72,-4,74
I Don?ôt Wanna Live Forever (Fifty Shades Darker),ZAYN,dance pop,2017,118,45,74,-8,9
My Way,Calvin Harris,dance pop,2017,120,91,82,-3,54
"I'm the One (feat. Justin Bieber, Quavo, Chance the Rapper & Lil Wayne)",DJ Khaled,dance pop,2017,81,67,61,-4,81
Praying,Kesha,dance pop,2017,73,39,58,-7,32
Despacito - Remix,Luis Fonsi,latin,2017,178,82,65,-4,82
The Greatest,Sia,australian dance,2017,192,73,67,-6,73
There for You,Martin Garrix,big room,2017,106,64,61,-8,13
Paris,The Chainsmokers,electropop,2017,100,64,65,-7,25
Crying in the Club,Camila Cabello,dance pop,2017,85,62,33,-6,60
Mama,Jonas Blue,dance pop,2017,104,79,74,-4,57
Slide (feat. Frank Ocean & Migos),Calvin Harris,dance pop,2017,104,80,74,-3,51
Swish Swish,Katy Perry,dance pop,2017,120,71,84,-5,57
Chained To The Rhythm,Katy Perry,dance pop,2017,190,80,45,-5,47
Cold (feat. Future),Maroon 5,pop,2017,100,72,69,-6,41
Love,Lana Del Rey,art pop,2017,99,37,53,-11,23
Reggaet√≥n Lento (Remix),CNCO,boy band,2017,94,91,53,-3,62
All I Ask,Adele,british soul,2017,142,28,59,-5,34
First Time,Kygo,edm,2017,90,59,63,-7,68
The Cure,Lady Gaga,dance pop,2017,100,51,70,-5,52
"How Far I'll Go - From ""Moana""",Alessia Cara,canadian contemporary r&b,2017,181,54,31,-10,16
Bodak Yellow,Cardi B,pop,2017,125,72,93,-6,46
Rich Love (with Seeb),OneRepublic,dance pop,2017,105,87,40,-4,47
Tired,Alan Walker,electro house,2017,124,88,69,-4,49
Came Here for Love,Sigala,dance pop,2017,125,87,71,-3,72
24K Magic,Bruno Mars,pop,2017,107,80,82,-4,63
Strip That Down (feat. Quavo),Liam Payne,dance pop,2017,106,50,87,-5,55
Cut To The Feeling,Carly Rae Jepsen,canadian pop,2017,115,91,71,-3,65
OK - Spotify Version,Robin Schulz,dance pop,2017,122,81,65,-6,58
Bon app√©tit,Katy Perry,dance pop,2017,106,79,80,-6,52
Summer Bummer (feat. A$AP Rocky & Playboi Carti),Lana Del Rey,art pop,2017,135,57,76,-9,14
Get Low (with Liam Payne),Zedd,complextro,2017,108,93,72,-4,54
Kissing Strangers,DNCE,dance pop,2017,120,74,77,-6,86
Slow Hands,Niall Horan,dance pop,2017,86,42,74,-7,85
Younger Now,Miley Cyrus,dance pop,2017,122,87,55,-5,33
Body Moves,DNCE,dance pop,2017,102,69,65,-5,86
Reality (feat. Janieck Devy) - Radio Edit,Lost Frequencies,belgian edm,2017,122,64,73,-7,53
Angel,Fifth Harmony,dance pop,2017,124,53,74,-6,13
Touch (feat. Kid Ink),Little Mix,dance pop,2017,102,75,64,-4,53
We Don't Talk Anymore - DROELOE Remix,Charlie Puth,dance pop,2017,100,82,70,-5,67
Love Incredible (feat. Camila Cabello),Cashmere Cat,downtempo,2017,167,50,37,-9,21
No Vacancy (with Sebasti√°n Yatra),OneRepublic,dance pop,2017,100,76,69,-4,59
Rich Boy,Galantis,big room,2017,110,90,74,-2,65
Lust for Life (with The Weeknd),Lana Del Rey,art pop,2017,100,67,51,-9,27
Greenlight (feat. Flo Rida & LunchMoney Lewis),Pitbull,dance pop,2017,115,83,70,-6,63
Influence,Tove Lo,dance pop,2017,105,59,77,-10,33
Remember I Told You,Nick Jonas,dance pop,2017,113,53,68,-6,84
Messin' Around,Pitbull,dance pop,2017,158,81,57,-5,78
Water Under the Bridge,Adele,british soul,2017,95,84,60,-7,47
Free Me,Sia,australian dance,2017,87,46,27,-4,21
Kissing Strangers - Remix,DNCE,dance pop,2017,120,77,76,-6,81
A L I E N S,Coldplay,permanent wave,2017,148,88,43,-5,25
One Kiss (with Dua Lipa),Calvin Harris,dance pop,2018,124,86,79,-3,59
Havana (feat. Young Thug),Camila Cabello,dance pop,2018,105,52,77,-4,39
I Like It,Cardi B,pop,2018,136,73,82,-4,65
New Rules,Dua Lipa,dance pop,2018,116,70,76,-6,61
There's Nothing Holdin' Me Back,Shawn Mendes,canadian pop,2018,122,81,87,-4,97
no tears left to cry,Ariana Grande,dance pop,2018,122,71,70,-6,35
IDGAF,Dua Lipa,dance pop,2018,97,54,84,-6,51
In My Blood,Shawn Mendes,canadian pop,2018,140,71,62,-7,49
Wolves,Selena Gomez,dance pop,2018,125,80,72,-5,31
Dusk Till Dawn - Radio Edit,ZAYN,dance pop,2018,180,44,26,-7,10
Attention,Charlie Puth,dance pop,2018,100,61,78,-5,80
Electricity (with Dua Lipa),Silk City,edm,2018,118,67,59,-6,51
Love On The Brain,Rihanna,barbadian pop,2018,172,64,51,-5,38
"Let Me Go (with Alesso, Florida Georgia Line & watt)",Hailee Steinfeld,dance pop,2018,103,71,66,-4,74
Silence,Marshmello,brostep,2018,142,76,52,-3,29
Sorry Not Sorry,Demi Lovato,dance pop,2018,144,64,71,-7,89
Shallow - Radio Edit,Lady Gaga,dance pop,2018,96,33,57,-7,28
These Days,Rudimental,dance pop,2018,92,81,65,-4,55
What Lovers Do (feat. SZA),Maroon 5,pop,2018,110,60,80,-5,42
Finesse - Remix; feat. Cardi B,Bruno Mars,pop,2018,105,86,70,-5,93
Perfect Duet (Ed Sheeran & Beyonc√©),Ed Sheeran,pop,2018,95,30,59,-7,36
Bad At Love,Halsey,dance pop,2018,118,75,68,-4,61
Him & I (with Halsey),G-Eazy,hip hop,2018,88,73,59,-6,19
Friends (with BloodPop¬Æ),Justin Bieber,canadian pop,2018,105,73,74,-5,62
Wild Thoughts (feat. Rihanna & Bryson Tiller),DJ Khaled,dance pop,2018,98,67,67,-3,63
My My My!,Troye Sivan,dance pop,2018,103,46,70,-8,48
Capital Letters,Hailee Steinfeld,dance pop,2018,100,81,66,-6,46
Sick Boy,The Chainsmokers,electropop,2018,90,58,66,-8,45
Tequila,Dan + Shay,contemporary country,2018,86,59,47,-6,50
Look What You Made Me Do,Taylor Swift,pop,2018,128,71,77,-6,51
Youth (feat. Khalid),Shawn Mendes,canadian pop,2018,100,60,53,-7,32
Bad Liar,Selena Gomez,dance pop,2018,121,41,97,-6,73
Anywhere,Rita Ora,dance pop,2018,107,80,63,-4,32
Say Something,Justin Timberlake,dance pop,2018,97,63,71,-7,37
Chun-Li,Nicki Minaj,dance pop,2018,129,73,69,-5,48
Sign of the Times,Harry Styles,dance pop,2018,120,57,52,-5,21
Familiar,Liam Payne,dance pop,2018,93,81,64,-5,91
Let Me,ZAYN,dance pop,2018,168,57,46,-6,19
Supernova,Ansel Elgort,dance pop,2018,140,62,77,-5,68
Nervous,Shawn Mendes,canadian pop,2018,122,62,84,-7,74
First Time,Kygo,edm,2018,90,59,63,-7,68
End Game,Taylor Swift,pop,2018,159,59,65,-6,15
Mi Gente (feat. Beyonc√©),J Balvin,latin,2018,105,72,76,-6,47
Lemon,N.E.R.D,hip hop,2018,95,73,92,-7,20
For You (With Rita Ora),Liam Payne,dance pop,2018,113,80,54,-5,18
Want To,Dua Lipa,dance pop,2018,92,69,57,-5,32
What I Need (feat. Kehlani),Hayley Kiyoko,dance pop,2018,104,79,63,-4,41
Wait,Maroon 5,pop,2018,126,60,66,-5,45
What About Us,P!nk,dance pop,2018,114,59,39,-6,19
Kissing Strangers,DNCE,dance pop,2018,120,74,77,-6,86
2U (feat. Justin Bieber),David Guetta,dance pop,2018,145,61,53,-7,53
Walk On Water (feat. Beyonc√©),Eminem,detroit hip hop,2018,82,44,48,-10,62
This Town,Niall Horan,dance pop,2018,112,41,68,-8,20
"Girls (feat. Cardi B, Bebe Rexha & Charli XCX)",Rita Ora,dance pop,2018,94,69,73,-4,42
MOVE TO MIAMI,Enrique Iglesias,dance pop,2018,100,87,76,-4,90
Miss You (with Major Lazer & Tory Lanez),Cashmere Cat,downtempo,2018,100,64,75,-5,45
Filthy,Justin Timberlake,dance pop,2018,97,58,75,-6,65
Never Be the Same - Radio Edit,Camila Cabello,dance pop,2018,130,69,63,-4,25
Ferrari,Bebe Rexha,dance pop,2018,77,48,58,-6,42
Supplies,Justin Timberlake,dance pop,2018,120,55,79,-7,23
Boom Boom,RedOne,moroccan pop,2018,110,76,75,-8,58
...Ready For It? - BloodPop¬Æ Remix,Taylor Swift,pop,2018,160,84,58,-5,50
Drip (feat. Migos),Cardi B,pop,2018,130,59,97,-8,27
Tell Me You Love Me - NOTD Remix,Demi Lovato,dance pop,2018,102,77,58,-5,76
Memories,Maroon 5,pop,2019,91,32,76,-7,57
Lose You To Love Me,Selena Gomez,dance pop,2019,102,34,51,-9,9
Someone You Loved,Lewis Capaldi,pop,2019,110,41,50,-6,45
Se√±orita,Shawn Mendes,canadian pop,2019,117,54,76,-6,75
How Do You Sleep?,Sam Smith,pop,2019,111,68,48,-5,35
South of the Border (feat. Camila Cabello & Cardi B),Ed Sheeran,pop,2019,98,62,86,-6,67
Trampoline (with ZAYN),SHAED,electropop,2019,127,46,62,-6,50
Happier,Marshmello,brostep,2019,100,79,69,-3,67
Truth Hurts,Lizzo,escape room,2019,158,62,72,-3,41
Good as Hell (feat. Ariana Grande) - Remix,Lizzo,escape room,2019,96,89,67,-3,48
Higher Love,Kygo,edm,2019,104,68,69,-7,40
Only Human,Jonas Brothers,boy band,2019,94,50,80,-6,87
Beautiful People (feat. Khalid),Ed Sheeran,pop,2019,93,65,64,-8,55
Sucker,Jonas Brothers,boy band,2019,138,73,84,-5,95
Don't Call Me Up,Mabel,dance pop,2019,99,88,67,-3,23
I Don't Care (with Justin Bieber),Ed Sheeran,pop,2019,102,68,80,-5,84
Talk (feat. Disclosure),Khalid,alternative r&b,2019,136,40,90,-9,35
Giant (with Rag'n'Bone Man),Calvin Harris,dance pop,2019,122,89,81,-4,61
Takeaway,The Chainsmokers,electropop,2019,100,51,53,-8,35
All Around The World (La La La),R3HAB,big room,2019,125,86,73,-5,52
Girls Like You (feat. Cardi B),Maroon 5,pop,2019,125,54,85,-7,45
Call You Mine,The Chainsmokers,electropop,2019,104,70,59,-6,52
No Guidance (feat. Drake),Chris Brown,dance pop,2019,93,45,70,-7,14
Antisocial (with Travis Scott),Ed Sheeran,pop,2019,152,82,72,-5,91
"Taki Taki (feat. Selena Gomez, Ozuna & Cardi B)",DJ Snake,electronic trap,2019,96,80,84,-4,62
Con Calma - Remix,Daddy Yankee,latin,2019,94,87,74,-3,61
Find U Again (feat. Camila Cabello),Mark Ronson,dance pop,2019,104,66,61,-7,16
Cross Me (feat. Chance the Rapper & PnB Rock),Ed Sheeran,pop,2019,95,79,75,-6,61
